{"cameraMode":{"drawMode":0,"name":"Shaded","section":"Shading Mode"},"sceneLighting":true,"audioPlay":false,"sceneViewState":{"showFog":true,"showMaterialUpdate":false,"showSkybox":true,"showFlares":true,"showImageEffects":true,"showParticleSystems":true},"in2DMode":false,"pivot":{"x":-0.3530271649360657,"y":-0.04695701599121094,"z":-0.8972511291503906},"rotation":{"x":-0.6621206402778626,"y":0.17027048766613007,"z":-0.15824560821056367,"w":-0.7124359607696533},"size":3.6073946952819826,"orthographic":false}